{
  "version": 1,
  "author": "AmaniMalek",
  "editor": "wokwi",
  "parts": [
    { "type": "wokwi-esp32-devkit-v1", "id": "esp", "top": 27.07, "left": 0.9, "attrs": {} },
    { "type": "wokwi-pir-motion-sensor", "id": "pir1", "top": -8.44, "left": 166.92, "attrs": {} },
    {
      "type": "wokwi-photoresistor-sensor",
      "id": "ldr1",
      "top": 124.81,
      "left": 214.5,
      "rotate": 180,
      "attrs": {}
    },
    {
      "type": "wokwi-dht22",
      "id": "dht1",
      "top": -32.8,
      "left": -78.62,
      "attrs": { "temperature": "12.4", "humidity": "32" }
    },
    { "type": "wokwi-relay-module", "id": "relay1", "top": 210.99, "left": 216.81, "attrs": {} },
    {
      "type": "wokwi-buzzer",
      "id": "bz1",
      "top": 55.2,
      "left": -158.5,
      "attrs": { "volume": "0.1" }
    },
    {
      "type": "wokwi-slide-potentiometer",
      "id": "pot1",
      "top": 253.06,
      "left": -183.06,
      "rotate": 90,
      "attrs": { "travelLength": "30" }
    },
    { "type": "wokwi-potentiometer", "id": "pot2", "top": -73.39, "left": 20.25, "attrs": {} }
  ],
  "connections": [
    [ "esp:TX0", "$serialMonitor:RX", "", [] ],
    [ "esp:RX0", "$serialMonitor:TX", "", [] ],
    [ "dht1:GND", "esp:GND.2", "black", [ "v0" ] ],
    [ "bz1:1", "esp:GND.2", "black", [ "v37.18", "h3.94", "v-0.31" ] ],
    [ "ldr1:VCC", "esp:3V3", "red", [ "h-20.5", "v21.19" ] ],
    [ "ldr1:GND", "esp:GND.1", "black", [ "v0.78", "h-30.32", "v0.18" ] ],
    [ "pir1:VCC", "esp:3V3", "red", [ "v23.5", "h-75.92", "v76.81" ] ],
    [ "pir1:GND", "esp:GND.1", "black", [ "h-0.3", "v31.09", "h-87.89", "v61.42" ] ],
    [ "pir1:OUT", "esp:D15", "green", [ "v40.07", "h-91.29", "v42.1" ] ],
    [ "relay1:VCC", "esp:3V3", "red", [ "h-31.57", "v-42.62" ] ],
    [ "relay1:GND", "esp:GND.1", "black", [ "h-21.9", "v-63.83" ] ],
    [ "relay1:IN", "esp:D2", "green", [ "h-38.58", "v-91.06" ] ],
    [ "ldr1:DO", "esp:D4", "green", [ "h-11.63", "v-12.77" ] ],
    [ "pot2:GND", "esp:GND.2", "black", [ "v17.11", "h-62.69", "v163.85" ] ],
    [ "bz1:2", "esp:D14", "green", [ "v0" ] ],
    [ "dht1:SDA", "esp:D27", "green", [ "v0" ] ],
    [ "pot2:VCC", "esp:3V3", "red", [ "v20.69", "h57.17", "v168.81" ] ],
    [ "dht1:VCC", "esp:3V3", "red", [ "v101.06", "h35.3", "v53.37", "h156.22", "v-50.96" ] ],
    [ "pot1:VCC", "esp:3V3", "red", [ "v-24.59", "h35.74", "v53.22", "h157.26", "v-49.93" ] ],
    [ "pot1:SIG", "esp:VN", "green", [ "v-82.73", "h78.74", "v-53.07" ] ],
    [ "pot2:SIG", "esp:VP", "green", [ "v28.2", "h-65.46", "v34.25" ] ]
  ],
  "dependencies": {}
}